TopK,n_folds,mean_p_RR,std_p_RR,t_stat,p_value
50,5,0.5073846153846154,0.254580290400406,0.06486166687028232,0.9513963395889465
100,5,0.5001056634803166,0.15672919252430112,0.0015075093600733617,0.9988693685152481
200,5,0.5078485231435071,0.12184021260208636,0.1440397295528176,0.8924346200833719
