TopK,n_folds,mean_p_RR,std_p_RR,t_stat,p_value
50,5,0.5453346472368211,0.14021894971826832,0.7229504511421821,0.5097218157394353
100,5,0.5686120303259152,0.1282967516704789,1.1958304624662273,0.2978045094429549
200,5,0.5711473680435124,0.0776556094696607,2.0486652857659307,0.10985667638653464
